City_ID,City,Country,Date,Lat,Lng,Max Temp,Humidity,Cloudiness,Wind Speed
0,Ushuaia,AR,2022-10-05 01:06:45,-54.8,-68.3,44.26,81,75,12.66
1,Punta Arenas,CL,2022-10-05 01:06:45,-53.15,-70.9167,44.71,76,75,8.05
2,Butaritari,KI,2022-10-05 01:06:46,3.0707,172.7902,81.88,75,30,18.14
3,Caravelas,BR,2022-10-05 01:06:46,-17.7125,-39.2481,75.58,77,96,11.79
4,Vaini,TO,2022-10-05 01:06:46,-21.2,-175.2,77.32,76,100,3.74
5,Swan Hill,AU,2022-10-05 01:06:47,-35.3378,143.5544,54.81,95,100,23.29
6,Teguise,ES,2022-10-05 01:06:47,29.0605,-13.564,70.02,73,0,10.36
7,San Cristobal,VE,2022-10-05 01:06:18,7.7669,-72.225,75.38,97,100,2.01
8,Bloomingdale,US,2022-10-05 01:06:48,27.8936,-82.2404,75.85,77,0,9.22
9,Hilo,US,2022-10-05 01:03:34,19.7297,-155.09,84.25,78,38,3.0
10,Mongo,TD,2022-10-05 01:06:48,12.1844,18.693,75.63,70,42,6.17
11,Bluff,NZ,2022-10-05 01:06:48,-46.6,168.3333,39.79,68,95,29.62
12,Hithadhoo,MV,2022-10-05 01:06:49,-0.6,73.0833,82.42,68,100,17.16
13,Yellowknife,CA,2022-10-05 01:05:16,62.456,-114.3525,35.56,64,3,5.99
14,Puerto Ayora,EC,2022-10-05 01:06:49,-0.7393,-90.3518,66.54,94,27,5.01
15,Ribeira Grande,PT,2022-10-05 01:06:50,38.5167,-28.7,70.92,87,100,11.05
16,Cape Town,ZA,2022-10-05 01:06:50,-33.9258,18.4232,59.38,64,70,4.16
17,Maceio,BR,2022-10-05 01:03:04,-9.6658,-35.7353,71.04,94,20,3.44
18,Atuona,PF,2022-10-05 01:06:51,-9.8,-139.0333,77.09,67,73,21.36
19,Yarmouth,US,2022-10-05 01:06:51,41.7057,-70.2286,60.94,95,100,14.97
20,Kushima,JP,2022-10-05 01:06:51,31.4583,131.2333,81.88,65,5,6.53
21,Saskylakh,RU,2022-10-05 01:06:52,71.9167,114.0833,23.95,96,100,5.21
22,Hermanus,ZA,2022-10-05 01:06:52,-34.4187,19.2345,52.81,73,97,4.27
23,Chernyshevskiy,RU,2022-10-05 01:06:52,63.0128,112.4714,28.81,73,100,11.61
24,Albany,US,2022-10-05 01:06:43,42.6001,-73.9662,52.39,77,100,3.71
25,Kapaa,US,2022-10-05 01:06:53,22.0752,-159.319,84.18,68,40,14.97
26,Padang,ID,2022-10-05 01:06:53,-0.9492,100.3543,76.12,87,100,4.99
27,Barrow,US,2022-10-05 01:06:54,71.2906,-156.7887,33.82,86,100,5.75
28,Tuktoyaktuk,CA,2022-10-05 01:03:22,69.4541,-133.0374,33.55,89,75,15.35
29,Hammerfest,NO,2022-10-05 01:06:54,70.6634,23.6821,45.05,76,20,13.8
30,Khani,GE,2022-10-05 01:03:06,41.9563,42.9566,53.17,84,100,2.98
31,Ketchikan,US,2022-10-05 01:06:55,55.3422,-131.6461,57.67,77,100,10.36
32,Owando,CG,2022-10-05 01:06:55,-0.4819,15.8999,69.42,98,100,1.7
33,Piossasco,IT,2022-10-05 01:06:56,44.9905,7.4637,65.19,83,7,2.98
34,Laguna,US,2022-10-05 01:05:38,38.421,-121.4238,89.58,40,0,4.61
35,Carnarvon,AU,2022-10-05 01:06:56,-24.8667,113.6333,69.84,68,48,11.27
36,Lakatoro,VU,2022-10-05 01:06:56,-16.0999,167.4164,81.41,73,41,13.71
37,Zhigansk,RU,2022-10-05 01:06:57,66.7697,123.3711,24.85,76,100,5.73
38,Fairbanks,US,2022-10-05 01:06:57,64.8378,-147.7164,57.2,44,40,8.05
39,Mataura,NZ,2022-10-05 01:06:57,-46.1927,168.8643,39.47,98,100,11.68
40,Rikitea,PF,2022-10-05 01:06:58,-23.1203,-134.9692,70.56,61,54,24.0
41,Cabo San Lucas,MX,2022-10-05 01:04:00,22.8909,-109.9124,83.5,69,20,0.0
42,Mbouda,CM,2022-10-05 01:06:58,5.6258,10.2552,62.33,96,100,1.12
43,Adrar,MR,2022-10-05 01:02:24,20.5022,-10.0711,91.35,17,75,9.95
44,Mandurah,AU,2022-10-05 01:06:33,-32.55,115.7,60.33,69,13,18.97
45,Busselton,AU,2022-10-05 01:06:59,-33.65,115.3333,58.26,69,33,17.36
46,Georgetown,MY,2022-10-05 01:06:59,5.4112,100.3354,82.89,87,20,0.0
47,Beringovskiy,RU,2022-10-05 01:07:00,63.05,179.3167,43.27,74,94,15.08
48,Kavaratti,IN,2022-10-05 01:08:00,10.5669,72.642,81.46,76,99,15.48
49,Jamestown,US,2022-10-05 01:04:34,42.097,-79.2353,52.05,76,100,4.61
50,Belmonte,BR,2022-10-05 01:08:01,-15.8631,-38.8828,74.41,80,15,10.74
51,Iqaluit,CA,2022-10-05 01:08:02,63.7506,-68.5145,32.7,100,100,5.57
52,Port Elizabeth,ZA,2022-10-05 01:08:02,-33.918,25.5701,59.31,91,0,2.39
53,Kalabo,ZM,2022-10-05 01:08:03,-14.97,22.6814,69.4,21,3,5.7
54,New Norfolk,AU,2022-10-05 01:08:03,-42.7826,147.0587,53.71,48,99,8.08
55,Labuan,MY,2022-10-05 01:08:04,5.2767,115.2417,79.95,83,91,5.41
56,Khatanga,RU,2022-10-05 01:08:04,71.9667,102.5,28.22,98,100,4.59
57,Kavieng,PG,2022-10-05 01:08:05,-2.5744,150.7967,84.38,68,68,17.83
58,Shache,CN,2022-10-05 01:04:53,38.4167,77.2406,51.71,29,37,4.27
59,Vardo,NO,2022-10-05 01:08:05,70.3705,31.1107,44.58,81,75,9.22
60,Luxor,EG,2022-10-05 01:08:06,25.6989,32.6421,78.76,28,0,5.53
61,Fortuna,US,2022-10-05 01:04:07,40.5982,-124.1573,65.91,72,50,1.01
62,Gelibolu,TR,2022-10-05 01:08:06,40.4103,26.6708,51.66,65,0,8.43
63,Tabou,CI,2022-10-05 01:08:07,4.423,-7.3528,76.24,92,100,7.25
64,Fernley,US,2022-10-05 01:08:07,39.608,-119.2518,81.46,16,0,4.0
65,Stokmarknes,NO,2022-10-05 01:08:07,68.5646,14.9108,51.78,71,100,13.8
66,Chokurdakh,RU,2022-10-05 01:08:08,70.6333,147.9167,23.86,85,97,6.93
67,Buraydah,SA,2022-10-05 01:08:08,26.326,43.975,76.73,22,0,9.53
68,Bethel,US,2022-10-05 01:04:40,41.3712,-73.414,55.76,88,100,9.22
69,Itarema,BR,2022-10-05 01:08:09,-2.9248,-39.9167,77.54,79,91,15.61
70,Fountain,US,2022-10-05 01:08:10,38.6822,-104.7008,62.44,65,100,5.75
71,Cherskiy,RU,2022-10-05 01:08:10,68.75,161.3,27.03,62,7,8.48
72,Atikokan,CA,2022-10-05 01:08:10,48.7555,-91.6216,58.01,74,100,3.76
73,Faanui,PF,2022-10-05 01:08:11,-16.4833,-151.75,78.53,72,11,25.28
74,Avarua,CK,2022-10-05 01:08:11,-21.2078,-159.775,78.85,65,40,21.85
75,Eatonton,US,2022-10-05 01:03:24,33.3268,-83.3885,62.92,82,0,4.83
76,Zaranj,AF,2022-10-05 01:08:12,30.9667,61.8833,74.28,18,0,19.01
77,Dikson,RU,2022-10-05 01:08:12,73.5069,80.5464,32.95,78,100,20.11
78,Purwa,IN,2022-10-05 01:08:13,26.4667,80.7833,78.82,92,100,9.48
79,Sawakin,SD,2022-10-05 01:08:13,19.1059,37.3321,82.78,69,16,4.14
80,East London,ZA,2022-10-05 01:08:14,-33.0153,27.9116,63.27,81,100,12.57
81,Ipixuna,BR,2022-10-05 01:08:15,-1.7625,-48.8043,74.46,93,4,5.68
82,Hobart,AU,2022-10-05 01:07:06,-42.8794,147.3294,55.06,64,75,10.36
83,Malanje,AO,2022-10-05 01:08:15,-9.5402,16.341,66.15,87,98,4.56
84,Walvis Bay,NA,2022-10-05 01:08:16,-22.9575,14.5053,54.09,90,0,7.83
85,Shimoda,JP,2022-10-05 01:08:16,34.6667,138.95,74.1,81,100,2.55
86,Konevo,RU,2022-10-05 01:08:17,62.1215,39.3192,44.44,97,100,5.35
87,Rawson,AR,2022-10-05 01:08:17,-43.3002,-65.1023,64.15,37,99,9.31
88,Creazzo,IT,2022-10-05 01:08:18,45.532,11.4785,64.09,82,0,1.99
89,Castro,BR,2022-10-05 01:08:18,-24.7911,-50.0119,55.83,95,5,5.37
90,Adjumani,UG,2022-10-05 01:08:18,3.3779,31.7909,64.87,97,71,1.36
91,Kondinskoye,RU,2022-10-05 01:08:19,59.6481,67.41,43.75,92,7,5.06
92,Kontagora,NG,2022-10-05 01:08:14,10.3999,5.4695,73.31,88,93,1.9
93,Lagoa,PT,2022-10-05 01:08:19,39.05,-27.9833,67.48,87,100,24.87
94,Belaya Gora,RU,2022-10-05 01:09:20,68.5333,146.4167,22.35,81,85,3.33
95,Bengkulu,ID,2022-10-05 01:09:20,-3.8004,102.2655,76.71,85,100,3.27
96,Cidreira,BR,2022-10-05 01:09:21,-30.1811,-50.2056,59.65,86,2,4.88
97,Chuy,UY,2022-10-05 01:09:21,-33.6971,-53.4616,53.29,88,0,6.02
98,Saint-Pierre,RE,2022-10-05 01:09:21,-21.3393,55.4781,67.68,68,100,6.91
99,Ponta Do Sol,PT,2022-10-05 01:09:22,32.6667,-17.1,72.72,69,40,1.99
100,Syracuse,IT,2022-10-05 01:09:22,37.0881,15.2792,65.57,56,57,3.09
101,Fairview,US,2022-10-05 01:09:23,40.8126,-73.999,56.55,90,100,16.11
102,Dese,ET,2022-10-05 01:09:23,11.1333,39.6333,51.69,91,100,1.92
103,Bonnyville,CA,2022-10-05 01:09:24,54.2668,-110.735,57.15,36,21,7.27
104,Khor,RU,2022-10-05 01:09:24,47.8861,134.9464,40.5,42,0,14.05
105,Bossangoa,CF,2022-10-05 01:09:24,6.4926,17.4552,67.8,91,100,2.71
106,Edd,ER,2022-10-05 01:09:25,13.9297,41.6925,89.83,59,87,6.42
107,Pochutla,MX,2022-10-05 01:09:25,15.7432,-96.4661,80.82,88,6,3.85
108,Lethem,GY,2022-10-05 01:09:26,3.3803,-59.7968,81.72,67,100,5.14
109,Laramie,US,2022-10-05 01:09:26,41.3114,-105.5911,52.18,47,0,11.5
110,Konstantinovka,RU,2022-10-05 01:09:26,49.6167,127.9833,39.27,38,11,11.01
111,Oytal,KZ,2022-10-05 01:09:27,42.9057,73.2697,50.52,55,38,3.36
112,Qaanaaq,GL,2022-10-05 01:09:27,77.484,-69.3632,16.57,77,100,6.11
113,Nabire,ID,2022-10-05 01:09:28,-3.3667,135.4833,85.53,65,99,3.0
114,Sainte-Thecle,CA,2022-10-05 01:09:28,46.8168,-72.4991,47.25,71,8,1.45
115,Pevek,RU,2022-10-05 01:09:28,69.7008,170.3133,27.43,76,86,7.7
116,Touros,BR,2022-10-05 01:09:29,-5.1989,-35.4608,76.32,77,23,13.89
117,Nanhai,CN,2022-10-05 01:09:29,30.1282,111.7784,50.65,75,100,12.12
118,Am Timan,TD,2022-10-05 01:09:29,11.0297,20.2827,70.43,88,100,4.79
119,Nemuro,JP,2022-10-05 01:09:30,43.3236,145.575,54.07,59,94,19.93
120,Kaitangata,NZ,2022-10-05 01:09:30,-46.2817,169.8464,38.01,90,100,19.15
121,Clyde River,CA,2022-10-05 01:09:31,70.4692,-68.5914,26.83,86,100,19.57
122,Porbandar,IN,2022-10-05 01:09:31,21.6422,69.6093,79.23,76,61,8.88
123,Resistencia,AR,2022-10-05 01:04:33,-27.4606,-58.9839,69.78,41,0,6.91
124,Jinotega,NI,2022-10-05 01:09:32,13.0917,-86.0018,65.55,93,100,3.47
125,Nantucket,US,2022-10-05 01:04:58,41.2835,-70.0995,62.71,94,100,16.11
126,Vila Franca Do Campo,PT,2022-10-05 01:09:32,37.7167,-25.4333,70.2,92,39,4.16
127,Namwala,ZM,2022-10-05 01:09:33,-15.7504,26.4384,71.33,31,0,5.21
128,Kingman,US,2022-10-05 01:09:33,35.1894,-114.053,86.25,14,0,9.22
129,Eyl,SO,2022-10-05 01:09:34,7.9803,49.8164,76.1,83,35,11.18
130,Luderitz,NA,2022-10-05 01:09:34,-26.6481,15.1594,54.28,79,6,15.97
131,Kodiak,US,2022-10-05 01:09:35,57.79,-152.4072,51.31,87,100,19.57
132,Santa Maria,BR,2022-10-05 01:09:35,-29.6842,-53.8069,55.0,75,0,9.51
133,Colquechaca,BO,2022-10-05 01:09:36,-18.6667,-66.0167,40.73,26,22,4.29
134,Kiama,AU,2022-10-05 01:09:36,-34.6833,150.8667,62.38,82,100,5.99
135,Port Alfred,ZA,2022-10-05 01:09:36,-33.5906,26.891,59.18,88,0,16.2
136,Leningradskiy,RU,2022-10-05 01:09:37,69.3833,178.4167,23.65,84,38,3.71
137,Talnakh,RU,2022-10-05 01:09:37,69.4865,88.3972,33.21,99,100,1.41
138,Vestmanna,FO,2022-10-05 01:09:38,62.1564,-7.1664,47.32,81,100,21.85
139,Cap Malheureux,MU,2022-10-05 01:09:38,-19.9842,57.6142,67.46,76,87,1.99
140,Igrim,RU,2022-10-05 01:10:39,63.1906,64.4162,41.65,97,100,4.9
141,Coahuayana,MX,2022-10-05 01:10:39,18.7333,-103.6833,77.81,88,39,2.26
142,Qaqortoq,GL,2022-10-05 01:10:40,60.7167,-46.0333,34.59,96,100,9.69
143,Corowa,AU,2022-10-05 01:10:40,-36.0333,146.3833,57.42,85,100,15.08
144,Neuquen,AR,2022-10-05 01:10:40,-38.9516,-68.0591,58.89,58,0,4.61
145,Vaitape,PF,2022-10-05 01:10:41,-16.5167,-151.75,78.49,72,12,25.34
146,Rexburg,US,2022-10-05 01:10:41,43.826,-111.7897,66.18,34,0,3.44
147,Victoria,HK,2022-10-05 01:07:28,22.2855,114.1577,87.85,80,42,5.01
148,Longyearbyen,SJ,2022-10-05 01:10:42,78.2186,15.6401,37.24,75,75,14.97
149,Qarqin,AF,2022-10-05 01:10:42,37.4185,66.0436,63.27,23,0,6.91
150,Souillac,MU,2022-10-05 01:10:43,-20.5167,57.5167,70.0,74,100,10.6
151,Bambanglipuro,ID,2022-10-05 01:10:43,-7.95,110.2833,79.16,79,100,8.16
152,Grand Forks,US,2022-10-05 01:07:32,47.9417,-97.4337,64.13,77,75,0.0
153,Dawei,MM,2022-10-05 01:08:08,14.0833,98.2,78.33,87,96,3.27
154,Bilibino,RU,2022-10-05 01:10:44,68.0546,166.4372,24.91,67,29,4.76
155,Camana,PE,2022-10-05 01:10:44,-16.6228,-72.7111,60.66,75,47,6.04
156,Baiyin,CN,2022-10-05 01:10:44,36.5583,104.2081,44.17,81,100,14.12
157,Oktyabrskoye,RU,2022-10-05 01:10:45,43.0645,44.7417,57.34,87,7,2.24
158,Banda Aceh,ID,2022-10-05 01:10:45,5.5577,95.3222,75.38,93,100,6.96
159,San Quintin,MX,2022-10-05 01:10:46,30.4833,-115.95,70.18,81,49,9.6
160,Bathsheba,BB,2022-10-05 01:10:46,13.2167,-59.5167,81.21,83,40,34.52
161,Pacific Grove,US,2022-10-05 01:10:46,36.6177,-121.9166,76.24,89,100,11.01
162,Kutum,SD,2022-10-05 01:10:47,14.2,24.6667,73.8,55,28,5.26
163,Shingu,JP,2022-10-05 01:10:47,33.7333,135.9833,78.91,76,70,5.88
164,Gambo,CF,2022-10-05 01:10:48,4.6482,22.2633,68.43,98,100,1.72
165,Airai,TL,2022-10-05 01:10:48,-8.9266,125.4092,71.04,69,78,2.21
166,Hope,US,2022-10-05 01:10:48,33.6671,-93.5916,71.65,43,0,4.74
167,Kahului,US,2022-10-05 01:10:49,20.8947,-156.47,84.22,74,40,18.41
168,Riyadh,SA,2022-10-05 01:10:49,24.6877,46.7219,75.34,32,0,3.6
169,Churapcha,RU,2022-10-05 01:10:50,62.0025,132.4325,26.64,62,17,12.46
170,Comodoro Rivadavia,AR,2022-10-05 01:10:50,-45.8667,-67.5,58.86,33,0,18.41
171,Suntar,RU,2022-10-05 01:10:51,62.1444,117.6319,29.57,72,100,9.86
172,Mehamn,NO,2022-10-05 01:10:51,71.0357,27.8492,40.95,93,75,3.44
173,Along,IN,2022-10-05 01:07:16,28.1667,94.7667,72.86,97,98,0.34
174,Salalah,OM,2022-10-05 01:10:51,17.0151,54.0924,77.09,83,0,3.44
175,Bredasdorp,ZA,2022-10-05 01:10:52,-34.5322,20.0403,47.79,85,51,4.14
176,Udachnyy,RU,2022-10-05 01:10:52,66.4167,112.4,28.45,86,100,13.4
177,Esperance,AU,2022-10-05 01:10:52,-33.8667,121.9,64.83,57,23,19.3
178,San Patricio,US,2022-10-05 01:10:53,28.017,-97.5169,80.55,54,8,8.93
179,Burscheid,DE,2022-10-05 01:10:53,51.1,7.1167,54.16,68,99,5.44
180,Sao Filipe,CV,2022-10-05 01:10:54,14.8961,-24.4956,78.04,78,82,1.83
181,Albina,SR,2022-10-05 01:10:54,5.5,-54.05,74.91,91,18,2.17
182,Fare,PF,2022-10-05 01:10:55,-16.7,-151.0167,78.3,71,10,25.41
183,Dwarka,IN,2022-10-05 01:10:55,22.2394,68.9678,80.46,71,9,9.44
184,Shangzhi,CN,2022-10-05 01:10:55,45.2167,127.9667,40.95,35,0,13.6
185,Orbetello,IT,2022-10-05 01:10:56,42.4408,11.2196,65.97,86,0,3.02
186,Marzuq,YE,2022-10-05 01:10:56,14.4,46.4667,71.22,52,38,0.74
187,Oistins,BB,2022-10-05 01:10:57,13.0667,-59.5333,80.69,83,40,34.52
188,Namatanai,PG,2022-10-05 01:11:57,-3.6667,152.4333,85.89,63,59,12.01
189,Sungaipenuh,ID,2022-10-05 01:11:58,-2.0833,101.3833,64.62,91,100,1.97
190,Sitka,US,2022-10-05 01:10:01,57.0531,-135.33,66.09,42,40,14.97
191,Umm Lajj,SA,2022-10-05 01:11:58,25.0213,37.2685,84.38,50,0,7.09
192,Constitucion,CL,2022-10-05 01:11:59,-35.3333,-72.4167,50.83,89,63,4.76
193,Mount Isa,AU,2022-10-05 01:11:59,-20.7333,139.5,78.57,69,75,11.5
194,Bauchi,NG,2022-10-05 01:11:59,10.5,10.0,72.72,85,100,3.85
195,Nikolskoye,RU,2022-10-05 01:12:00,59.7035,30.7861,44.8,96,79,3.06
196,Ilulissat,GL,2022-10-05 01:09:27,69.2167,-51.1,32.02,51,18,2.3
197,Norman Wells,CA,2022-10-05 01:12:01,65.282,-126.8329,38.08,83,44,11.41
198,Vratnica,MK,2022-10-05 01:12:01,42.1433,21.1169,42.53,79,19,0.69
199,Te Anau,NZ,2022-10-05 01:12:01,-45.4167,167.7167,38.98,75,75,10.49
200,Rio Grande,BR,2022-10-05 01:12:02,-32.035,-52.0986,57.78,90,0,8.48
201,Klaksvik,FO,2022-10-05 01:12:02,62.2266,-6.589,49.12,82,0,37.18
202,Qasigiannguit,GL,2022-10-05 01:12:02,68.8193,-51.1922,32.25,82,8,5.5
203,High Rock,BS,2022-10-05 01:12:03,26.6208,-78.2833,77.02,73,63,16.06
204,Idil,TR,2022-10-05 01:12:03,37.3411,41.8895,75.13,19,0,11.5
205,Agadir,MA,2022-10-05 01:12:04,30.4202,-9.5982,68.45,71,99,5.86
206,Tasiilaq,GL,2022-10-05 01:12:04,65.6145,-37.6368,35.76,66,5,7.67
207,Bad Wildungen,DE,2022-10-05 01:12:04,51.1196,9.1248,49.91,93,81,3.44
208,Sawtell,AU,2022-10-05 01:12:05,-30.3833,153.1,63.19,88,100,5.75
209,Fort Nelson,CA,2022-10-05 01:12:05,58.8053,-122.7002,50.11,52,100,3.0
210,Talara,PE,2022-10-05 01:07:19,-4.5772,-81.2719,63.55,87,98,19.53
211,Whitehorse,CA,2022-10-05 01:11:19,60.7161,-135.0538,51.31,56,100,8.01
212,Dunedin,NZ,2022-10-05 01:08:22,-45.8742,170.5036,38.34,85,100,20.51
213,Jalu,LY,2022-10-05 01:12:06,29.0331,21.5482,71.49,58,0,8.05
214,Daru,PG,2022-10-05 01:12:07,-9.0763,143.2092,81.34,87,95,15.48
215,Upernavik,GL,2022-10-05 01:12:07,72.7868,-56.1549,19.94,81,78,5.26
216,Red Bluff,US,2022-10-05 01:08:24,40.1785,-122.2358,90.28,27,0,5.75
217,Hamilton,US,2022-10-05 01:10:19,39.1834,-84.5333,59.77,62,0,4.61
218,Ostrov,RU,2022-10-05 01:12:08,57.3439,28.3537,44.47,92,92,10.65
219,Narsaq,GL,2022-10-05 01:12:08,60.9167,-46.05,41.22,93,100,6.51
220,Ahipara,NZ,2022-10-05 01:08:35,-35.1667,173.1667,60.3,66,100,14.36
221,Madawaska,US,2022-10-05 01:12:09,47.3561,-68.3288,54.7,43,0,4.61
222,Saint-Philippe,RE,2022-10-05 01:12:09,-21.3585,55.7679,67.59,77,43,10.11
223,Katangli,RU,2022-10-05 01:12:10,51.7102,143.2326,37.2,57,13,19.64
224,Bambous Virieux,MU,2022-10-05 01:12:10,-20.3428,57.7575,67.21,75,85,10.56
225,Weihe,CN,2022-10-05 01:12:11,32.9952,105.3247,52.3,94,100,2.82
226,Rognan,NO,2022-10-05 01:12:11,67.0953,15.3878,48.88,92,100,6.76
227,Taveta,KE,2022-10-05 01:12:12,-3.3963,37.6736,64.85,83,15,2.37
228,Thompson,CA,2022-10-05 01:12:12,55.7435,-97.8558,47.48,52,69,2.62
229,Abdulino,RU,2022-10-05 01:12:12,53.7,53.6667,46.09,34,100,15.32
230,Saint George,US,2022-10-05 01:10:57,37.1041,-113.5841,85.95,26,0,3.0
231,Shaunavon,CA,2022-10-05 01:12:13,49.6501,-108.4181,65.68,36,11,5.88
232,Chapais,CA,2022-10-05 01:12:13,49.7834,-74.8492,49.21,99,100,3.02
233,Mogok,MM,2022-10-05 01:13:14,22.9167,96.5,70.74,79,39,1.72
234,Mandalgovi,MN,2022-10-05 01:13:14,45.7625,106.2708,31.35,32,98,2.44
235,Svetlogorsk,BY,2022-10-05 01:13:15,52.6333,29.7333,44.42,89,97,12.55
236,Lazurne,UA,2022-10-05 01:13:15,46.084,32.5295,57.7,64,23,12.1
237,Danville,US,2022-10-05 01:08:56,36.586,-79.395,60.03,75,100,4.61
238,Kamaishi,JP,2022-10-05 01:13:16,39.2667,141.8833,62.56,60,96,3.65
239,Ciudad Bolivar,VE,2022-10-05 01:13:16,8.1222,-63.5497,82.31,67,66,3.09
240,Nanortalik,GL,2022-10-05 01:13:16,60.1432,-45.2371,38.77,95,100,19.06
241,Odweyne,SO,2022-10-05 01:13:17,9.4092,45.064,71.96,59,100,6.58
242,Xapuri,BR,2022-10-05 01:13:17,-10.6517,-68.5044,82.76,53,51,2.86
243,Katsuura,JP,2022-10-05 01:13:18,35.1333,140.3,75.22,83,100,18.14
244,Richards Bay,ZA,2022-10-05 01:13:18,-28.783,32.0377,66.92,73,60,4.07
245,Aksu,CN,2022-10-05 01:13:19,41.1231,80.2644,54.05,29,0,6.08
246,Tuatapere,NZ,2022-10-05 01:13:19,-46.1333,167.6833,37.49,81,100,20.98
247,Deputatskiy,RU,2022-10-05 01:13:20,69.3,139.9,9.41,92,69,2.17
248,College,US,2022-10-05 01:13:20,64.8569,-147.8028,57.18,41,75,8.05
249,Pierrelatte,FR,2022-10-05 01:13:21,44.3776,4.702,60.12,79,2,0.49
250,Lorengau,PG,2022-10-05 01:13:21,-2.0226,147.2712,84.65,73,100,11.27
251,Bathurst,AU,2022-10-05 01:13:22,-33.4166,149.5806,50.97,95,100,1.99
252,Villazon,BO,2022-10-05 01:13:22,-22.0866,-65.5942,49.66,37,4,4.79
253,Wilmington,US,2022-10-05 01:10:44,34.2257,-77.9447,57.88,86,0,1.99
254,Mount Darwin,ZW,2022-10-05 01:13:23,-16.7725,31.5838,65.48,45,3,3.27
255,Kumphawapi,TH,2022-10-05 01:13:23,17.1087,103.0149,82.89,99,13,4.45
256,Lompoc,US,2022-10-05 01:13:24,34.6391,-120.4579,77.14,83,100,11.5
257,Puerto Wilches,CO,2022-10-05 01:13:24,7.3483,-73.896,77.4,92,100,2.15
258,Nushki,PK,2022-10-05 01:13:24,29.5542,66.0215,65.3,13,0,1.16
259,Labuhan,ID,2022-10-05 01:13:25,-6.8844,112.2051,81.5,71,100,12.46
260,Christchurch,NZ,2022-10-05 01:10:39,-43.5333,172.6333,47.41,83,75,9.22
261,Baykit,RU,2022-10-05 01:13:26,61.67,96.37,29.12,84,99,5.26
262,Bhadrachalam,IN,2022-10-05 01:13:26,17.6667,80.8833,75.9,96,100,0.94
263,Taoudenni,ML,2022-10-05 01:13:26,22.6783,-3.9836,93.34,13,0,9.57
264,Vokhma,RU,2022-10-05 01:13:27,58.9303,46.7586,45.27,84,100,8.63
265,Nicolas Bravo,MX,2022-10-05 01:13:27,18.45,-88.9167,75.42,85,71,3.0
266,Lahaina,US,2022-10-05 01:13:28,20.8783,-156.6825,84.2,94,35,10.54
267,Paamiut,GL,2022-10-05 01:13:28,61.994,-49.6678,37.15,97,100,28.34
268,Geraldton,AU,2022-10-05 01:13:29,-28.7667,114.6,63.01,82,100,11.5
269,Vila Velha,BR,2022-10-05 01:10:44,-20.3297,-40.2925,73.35,90,75,15.01
270,Cercany,CZ,2022-10-05 01:13:29,49.8529,14.703,47.37,88,20,6.33
271,Ambon,ID,2022-10-05 01:13:30,-3.6954,128.1814,87.94,66,20,3.44
272,Broome,US,2022-10-05 01:13:30,42.2506,-75.833,51.19,81,100,9.22
273,Mahebourg,MU,2022-10-05 01:12:24,-20.4081,57.7,67.24,74,91,10.65
274,Hualmay,PE,2022-10-05 01:14:31,-11.0964,-77.6139,61.16,79,22,10.74
275,Byron Bay,AU,2022-10-05 01:14:31,-28.65,153.6167,70.95,54,100,8.08
276,Port-Cartier,CA,2022-10-05 01:14:32,50.0334,-66.8654,46.74,94,100,4.07
277,Kulpahar,IN,2022-10-05 01:14:32,25.3167,79.65,75.78,93,100,10.92
278,Navsari,IN,2022-10-05 01:14:32,20.9524,72.9324,77.05,85,91,3.83
279,Eucaliptus,BO,2022-10-05 01:11:13,-17.5833,-67.5167,50.34,25,62,3.98
280,Luganville,VU,2022-10-05 01:14:33,-15.5333,167.1667,81.12,78,46,12.66
281,Lebu,CL,2022-10-05 01:14:33,-37.6167,-73.65,49.68,93,14,5.44
282,Qeshm,IR,2022-10-05 01:14:34,26.9581,56.2719,84.15,74,4,4.94
283,Motygino,RU,2022-10-05 01:14:34,58.1831,94.7592,28.17,87,100,3.42
284,Staszow,PL,2022-10-05 01:14:35,50.5631,21.1659,44.92,97,99,7.05
285,Jamshedpur,IN,2022-10-05 01:13:00,22.8,86.1833,75.85,97,99,2.89
286,Ixtapa,MX,2022-10-05 01:14:35,20.7,-105.2,81.63,78,100,6.91
287,Urumqi,CN,2022-10-05 01:12:02,43.801,87.6005,40.15,56,0,2.24
288,Sabha,LY,2022-10-05 01:14:36,27.0377,14.4283,71.56,43,0,10.92
289,Severo-Kurilsk,RU,2022-10-05 01:14:36,50.6789,156.125,46.13,92,100,20.8
290,Varangaon,IN,2022-10-05 01:14:36,21.0167,75.9,74.55,74,100,3.71
291,Lavrentiya,RU,2022-10-05 01:14:37,65.5833,-171.0,37.85,70,7,7.4
292,Abadan,IR,2022-10-05 01:14:37,30.3392,48.3043,86.14,15,0,6.06
293,Port Lincoln,AU,2022-10-05 01:14:38,-34.7333,135.8667,64.35,73,39,10.98
294,Petropavlovsk-Kamchatskiy,RU,2022-10-05 01:14:38,53.0452,158.6483,46.99,100,100,8.95
295,Hervey Bay,AU,2022-10-05 01:14:39,-25.2986,152.8535,73.02,58,100,7.0
296,Krasnoselkup,RU,2022-10-05 01:14:39,65.7,82.4667,36.09,96,100,15.28
297,Husavik,IS,2022-10-05 01:14:40,66.0449,-17.3389,41.27,98,100,21.83
298,Erzin,TR,2022-10-05 01:14:40,36.9559,36.2,70.34,74,100,0.92
299,Rio Gallegos,AR,2022-10-05 01:14:40,-51.6226,-69.2181,46.45,61,0,9.22
300,Mocuba,MZ,2022-10-05 01:14:41,-16.8392,36.9856,70.05,63,0,3.38
301,Ambanja,MG,2022-10-05 01:14:41,-13.6833,48.45,69.19,79,52,2.95
302,Arlit,NE,2022-10-05 01:14:42,18.7369,7.3853,89.62,16,0,8.57
303,Slave Lake,CA,2022-10-05 01:12:53,55.2834,-114.769,53.15,48,100,3.71
304,Voh,NC,2022-10-05 01:14:42,-20.9667,164.7,80.31,42,3,9.62
305,Egvekinot,RU,2022-10-05 01:14:42,66.3167,-179.1667,27.0,76,75,5.28
306,Suez,EG,2022-10-05 01:14:43,29.9737,32.5263,70.99,82,0,9.15
307,Lisakovsk,KZ,2022-10-05 01:14:43,52.5369,62.4936,38.97,39,14,6.73
308,Mar Del Plata,AR,2022-10-05 01:14:44,-38.0023,-57.5575,55.94,79,40,9.22
309,Lasa,IT,2022-10-05 01:14:44,46.6166,10.7002,55.04,49,13,1.88
310,Halifax,CA,2022-10-05 01:14:01,44.6453,-63.5724,56.21,91,100,1.01
311,Puri,IN,2022-10-05 01:14:45,19.8,85.85,77.52,82,100,9.22
312,Bulgan,MN,2022-10-05 01:14:45,48.8125,103.5347,28.09,41,0,2.57
313,Pisco,PE,2022-10-05 01:14:45,-13.7,-76.2167,59.05,88,0,11.5
314,Zelenoborskiy,RU,2022-10-05 01:14:46,66.845,32.3622,40.05,92,100,1.81
315,Gusev,RU,2022-10-05 01:14:46,54.5922,22.1997,47.34,93,100,8.5
316,Ende,ID,2022-10-05 01:14:47,-8.8432,121.6623,84.81,71,40,4.38
317,Payo,ID,2022-10-05 01:14:47,-3.7508,103.6372,77.34,86,88,1.7
318,Sao Joao Da Barra,BR,2022-10-05 01:14:48,-21.6403,-41.0511,69.48,95,100,9.08
319,Tautira,PF,2022-10-05 01:14:48,-17.7333,-149.15,76.23,73,32,22.88
320,Leo,BF,2022-10-05 01:14:49,11.1,-2.1,73.22,82,42,2.66
321,Havre-Saint-Pierre,CA,2022-10-05 01:15:49,50.2334,-63.5986,46.76,93,100,6.91
322,Trebon,CZ,2022-10-05 01:15:49,49.0036,14.7707,50.09,95,25,4.21
323,Camacha,PT,2022-10-05 01:15:50,33.0833,-16.3333,65.62,83,20,6.91
324,Najran,SA,2022-10-05 01:15:50,17.4924,44.1277,68.65,23,84,4.18
325,Vanimo,PG,2022-10-05 01:15:51,-2.6741,141.3028,86.54,64,100,7.36
326,Namibe,AO,2022-10-05 01:15:51,-15.1961,12.1522,64.22,90,48,4.47
327,Anori,BR,2022-10-05 01:15:51,-3.7728,-61.6442,80.94,54,65,2.51
328,Beipiao,CN,2022-10-05 01:15:52,41.7919,120.7792,46.09,25,0,4.34
329,Hambantota,LK,2022-10-05 01:15:52,6.1241,81.1185,79.39,79,96,18.5
330,Visnes,NO,2022-10-05 01:15:53,59.3556,5.2242,51.82,93,100,4.61
331,Port Hardy,CA,2022-10-05 01:15:10,50.6996,-127.4199,60.98,82,75,3.44
332,Paita,PE,2022-10-05 01:15:53,-5.0892,-81.1144,63.55,82,100,16.78
333,Guerrero Negro,MX,2022-10-05 01:15:54,27.9769,-114.0611,71.4,74,2,12.03
334,Tiznit,MA,2022-10-05 01:15:54,29.5833,-9.5,68.86,49,8,3.31
335,Balakhninskiy,RU,2022-10-05 01:15:54,58.0106,114.2769,21.54,92,92,2.98
336,Cayenne,GF,2022-10-05 01:15:04,4.9333,-52.3333,77.04,88,20,2.3
337,Khanino,RU,2022-10-05 01:15:55,54.211,36.6229,42.91,94,100,8.97
338,Pedini,GR,2022-10-05 01:15:55,39.5997,20.8433,54.97,61,68,3.0
339,Coihaique,CL,2022-10-05 01:15:56,-45.5752,-72.0662,46.35,81,100,2.3
340,Ostrovnoy,RU,2022-10-05 01:15:56,68.0531,39.5131,45.66,94,100,11.18
341,Port Hedland,AU,2022-10-05 01:15:57,-20.3167,118.5667,82.45,42,0,8.05
342,Provideniya,RU,2022-10-05 01:15:57,64.3833,-173.3,41.36,70,75,11.18
343,Acarau,BR,2022-10-05 01:15:57,-2.8856,-40.12,77.61,80,99,16.46
344,Sinnamary,GF,2022-10-05 01:15:58,5.3833,-52.95,78.93,84,14,10.6
345,Buncrana,IE,2022-10-05 01:15:58,55.1333,-7.45,53.13,95,100,5.32
346,Buin,CL,2022-10-05 01:15:59,-33.7333,-70.75,58.42,72,100,3.24
347,Arraial Do Cabo,BR,2022-10-05 01:15:59,-22.9661,-42.0278,69.66,94,75,5.75
348,Illela,NG,2022-10-05 01:15:59,13.7292,5.2975,83.89,58,19,7.56
349,Argentan,FR,2022-10-05 01:16:00,48.75,-0.0167,50.86,96,49,7.14
350,Bud,US,2022-10-05 01:16:00,39.447,-86.1758,58.14,74,0,4.32
351,Flinders,AU,2022-10-05 01:16:01,-34.5833,150.8552,62.19,79,100,4.0
352,Jatai,BR,2022-10-05 01:16:01,-17.8814,-51.7144,70.74,80,9,3.62
353,Alice Springs,AU,2022-10-05 01:14:53,-23.7,133.8833,74.75,46,0,4.61
354,Borogontsy,RU,2022-10-05 01:16:02,62.6683,131.1683,27.25,63,29,9.26
355,Dolores,AR,2022-10-05 01:16:02,-36.3132,-57.6792,48.02,93,6,8.01
356,Sabang,ID,2022-10-05 01:16:03,5.8933,95.3214,77.11,89,100,10.42
357,Zarubino,RU,2022-10-05 01:16:03,42.63,131.0922,45.12,36,0,9.98
358,Puerto Leguizamo,CO,2022-10-05 01:16:03,-0.1934,-74.7819,78.1,71,49,1.25
359,Mwene-Ditu,CD,2022-10-05 01:16:04,-7.0,23.45,68.25,78,74,2.19
360,Zyryanka,RU,2022-10-05 01:16:04,65.75,150.85,25.16,68,100,22.75
361,Mmabatho,ZA,2022-10-05 01:16:05,-25.85,25.6333,76.33,21,86,17.05
362,Seymchan,RU,2022-10-05 01:16:05,62.8833,152.4333,21.25,87,100,28.36
363,Nieuw Amsterdam,SR,2022-10-05 01:16:06,5.8833,-55.0833,79.02,90,98,9.71
364,Chimbarongo,CL,2022-10-05 01:16:06,-34.7,-71.05,52.68,90,19,3.76
365,Cape Coast,GH,2022-10-05 01:16:06,5.1053,-1.2466,75.58,93,94,7.56
366,Shiraz,IR,2022-10-05 01:16:07,29.6036,52.5388,58.44,31,20,0.0
367,Skaerbaek,DK,2022-10-05 01:16:07,55.1573,8.769,59.25,90,100,17.05
368,Torbay,CA,2022-10-05 01:17:08,47.6666,-52.7314,50.27,86,0,19.57
369,Kosai,JP,2022-10-05 01:17:08,34.7105,137.5316,77.52,68,29,12.84
370,Sukhumi,GE,2022-10-05 01:17:08,43.0033,41.0153,65.75,92,100,2.98
371,Tooele,US,2022-10-05 01:12:19,40.5308,-112.2983,67.14,45,0,0.0
372,Limulunga,ZM,2022-10-05 01:17:09,-15.0969,23.1376,66.15,26,0,4.34
373,Roebourne,AU,2022-10-05 01:17:09,-20.7833,117.1333,78.06,30,0,4.07
374,Acari,PE,2022-10-05 01:17:10,-15.4311,-74.6158,63.99,69,24,3.76
375,Escanaba,US,2022-10-05 01:17:10,45.7453,-87.0646,59.95,94,0,0.0
376,Mercedes,AR,2022-10-05 01:17:11,-34.6515,-59.4307,57.78,82,11,9.19
377,Tommot,RU,2022-10-05 01:17:11,58.9564,126.2925,27.66,90,100,10.27
378,Nicoya,CR,2022-10-05 01:17:11,10.1483,-85.452,76.78,90,100,2.64
379,Bereda,ES,2022-10-05 01:17:12,43.2686,-7.5406,54.41,72,0,1.86
380,Cam Ranh,VN,2022-10-05 01:17:12,11.9214,109.1591,82.36,74,40,4.61
381,Akdepe,TM,2022-10-05 01:17:13,42.0551,59.3788,50.09,22,0,10.74
382,San Policarpo,PH,2022-10-05 01:17:13,12.1791,125.5072,82.71,79,99,6.46
383,Ferkessedougou,CI,2022-10-05 01:17:13,9.6,-5.2,71.87,90,100,3.15
384,Baherove,UA,2022-10-05 01:17:14,45.3742,36.2971,57.9,56,25,7.54
385,Collierville,US,2022-10-05 01:15:31,35.042,-89.6645,65.08,53,0,0.0
386,Moshenskoye,RU,2022-10-05 01:17:14,58.5102,34.5911,41.49,95,100,2.98
387,Cabano,PH,2022-10-05 01:17:15,10.5869,122.7002,83.26,77,100,11.56
388,La Libertad,EC,2022-10-05 01:17:15,-2.2333,-80.9,68.27,83,100,14.0
389,North Bend,US,2022-10-05 01:15:09,43.4065,-124.2243,62.24,90,100,5.75
390,Nome,US,2022-10-05 01:17:16,64.5011,-165.4064,49.15,71,0,14.97
391,Alta Floresta,BR,2022-10-05 01:17:16,-9.8756,-56.0861,73.29,86,70,3.67
392,Mareeba,AU,2022-10-05 01:14:50,-17.0,145.4333,83.44,64,93,8.43
393,Orlik,RU,2022-10-05 01:17:17,52.5178,99.825,24.12,49,1,2.66
394,Saint-Augustin,CA,2022-10-05 01:17:17,51.226,-58.6502,52.83,73,99,11.07
395,Porto Velho,BR,2022-10-05 01:17:18,-8.7619,-63.9039,78.85,89,0,0.0
396,Denpasar,ID,2022-10-05 01:13:17,-8.65,115.2167,78.46,94,75,4.61
397,Ewa Beach,US,2022-10-05 01:15:02,21.3156,-158.0072,84.15,64,75,16.11
398,Aosta,IT,2022-10-05 01:17:18,45.7667,7.4167,48.85,75,0,1.01
399,Weyburn,CA,2022-10-05 01:17:19,49.6668,-103.8511,61.02,55,8,4.61
400,Paraiso,CR,2022-10-05 01:17:19,9.8383,-83.8656,68.41,97,100,0.96
401,Tsaratanana,MG,2022-10-05 01:17:20,-16.7833,47.65,63.16,66,0,5.97
402,Puerto Colombia,CO,2022-10-05 01:17:20,10.9878,-74.9547,75.29,82,100,16.2
403,Codrington,AU,2022-10-05 01:17:20,-38.2667,141.9667,51.73,95,100,17.43
404,Tilichiki,RU,2022-10-05 01:17:21,60.4667,166.1,42.4,97,100,11.65
405,Dong Hoi,VN,2022-10-05 01:17:21,17.4833,106.6,79.9,86,95,6.58
406,Dubbo,AU,2022-10-05 01:16:02,-32.25,148.6167,55.53,88,100,17.27
407,Mackay,AU,2022-10-05 01:16:28,-21.15,149.2,77.68,58,91,13.18
408,Karratha,AU,2022-10-05 01:17:22,-20.7377,116.8463,77.13,30,0,3.53
409,Gravelbourg,CA,2022-10-05 01:17:22,49.8834,-106.5512,64.67,41,2,4.12
410,Chicama,PE,2022-10-05 01:17:23,-7.8447,-79.1469,57.74,82,22,6.29
411,Barinas,VE,2022-10-05 01:17:23,8.6226,-70.2075,78.84,94,96,3.44
412,Yucca Valley,US,2022-10-05 01:17:40,34.1142,-116.4322,88.03,27,10,4.0
413,Praia Da Vitoria,PT,2022-10-05 01:18:23,38.7333,-27.0667,70.75,94,75,7.85
414,San Nicolas,PH,2022-10-05 01:18:24,18.1725,120.5953,87.71,79,20,4.61
415,Olafsvik,IS,2022-10-05 01:18:24,64.8945,-23.7142,39.97,92,100,36.37
416,Pinega,RU,2022-10-05 01:18:25,64.7001,43.3936,42.48,97,100,4.99
417,Chihuahua,MX,2022-10-05 01:18:25,28.5,-106.0,68.83,38,4,7.31
418,Zbarazh,UA,2022-10-05 01:18:26,49.6636,25.7762,46.38,87,42,11.34
419,Ilheus,BR,2022-10-05 01:18:26,-14.7889,-39.0494,78.62,78,20,9.22
420,Rudsar,IR,2022-10-05 01:18:26,37.1376,50.288,69.78,61,0,2.48
421,Taitung,TW,2022-10-05 01:18:27,22.7583,121.1444,84.47,70,75,4.61
422,Kitimat,CA,2022-10-05 01:15:09,54.0524,-128.6534,57.58,53,100,3.33
423,Toamasina,MG,2022-10-05 01:18:27,-18.1667,49.3833,62.6,94,40,2.3
424,Buala,SB,2022-10-05 01:18:28,-8.145,159.5921,84.29,72,78,11.77
425,Peno,RU,2022-10-05 01:18:28,56.9262,32.7426,39.24,95,100,3.27
426,Pangnirtung,CA,2022-10-05 01:18:29,66.1451,-65.7125,34.07,68,100,5.93
427,Oga,IT,2022-10-05 01:18:29,46.4631,10.347,41.81,47,2,1.25
428,Zalantun,CN,2022-10-05 01:18:30,48.0,122.7167,39.7,30,100,13.13
429,Sondershausen,DE,2022-10-05 01:18:30,51.3667,10.8667,51.17,76,93,3.65
430,Marinette,US,2022-10-05 01:18:31,45.1,-87.6307,62.69,59,0,6.91
431,Ozernovskiy,RU,2022-10-05 01:18:31,51.5,156.5167,45.45,94,100,21.43
432,Santa Vitoria Do Palmar,BR,2022-10-05 01:18:32,-33.5189,-53.3681,53.51,89,0,6.11
433,Atherton,GB,2022-10-05 01:18:32,53.5237,-2.4935,62.42,95,100,4.0
434,Yichang,CN,2022-10-05 01:18:32,30.7144,111.2847,54.75,72,100,2.62
435,Atasu,KZ,2022-10-05 01:18:33,48.6814,71.6433,33.48,47,13,8.63
436,Isabela,PH,2022-10-05 01:18:33,6.7085,121.9711,84.25,71,91,7.54
437,Camrose,CA,2022-10-05 01:15:23,53.0168,-112.8353,60.93,37,100,7.2
438,Magalia,US,2022-10-05 01:18:34,39.8121,-121.5783,78.15,52,97,2.68
439,Almeirim,BR,2022-10-05 01:18:34,-1.5233,-52.5817,79.59,67,28,4.63
440,Kalmunai,LK,2022-10-05 01:18:35,7.4167,81.8167,80.62,69,100,4.34
441,Matara,LK,2022-10-05 01:18:35,5.9485,80.5353,78.13,85,99,12.59
442,Abis,PH,2022-10-05 01:18:36,9.7173,122.9438,83.35,74,100,5.35
443,Zyryanovsk,KZ,2022-10-05 01:18:36,49.7386,84.2719,34.05,53,0,1.66
444,Vryburg,ZA,2022-10-05 01:18:36,-26.9566,24.7284,63.36,17,16,5.95
445,Iwanai,JP,2022-10-05 01:18:37,42.9744,140.5089,47.41,86,98,7.78
446,Yarada,IN,2022-10-05 01:18:37,17.65,83.2667,79.12,94,40,2.3
447,Awbari,LY,2022-10-05 01:18:38,26.5921,12.7805,71.38,39,0,8.48
448,Atagay,RU,2022-10-05 01:18:38,55.1033,99.3875,28.58,83,47,1.81
449,Tromso,NO,2022-10-05 01:18:39,69.6496,18.957,46.42,71,100,13.8
450,Okhotsk,RU,2022-10-05 01:18:39,59.3833,143.3,34.02,50,100,15.32
451,Cockburn Town,TC,2022-10-05 01:18:40,21.4612,-71.1419,83.28,76,99,5.82
452,Hirara,JP,2022-10-05 01:18:40,24.8,125.2833,85.86,70,20,11.5
453,Nizwa,OM,2022-10-05 01:18:40,22.9333,57.5333,74.5,56,26,2.73
454,Sovetskiy,RU,2022-10-05 01:18:41,61.3614,63.5842,45.12,93,61,0.56
455,Udankudi,IN,2022-10-05 01:18:41,8.4333,78.0167,80.78,68,100,5.17
456,Kampong Thum,KH,2022-10-05 01:18:41,12.7111,104.8887,79.72,85,65,4.18
457,Yamada,JP,2022-10-05 01:18:42,39.4667,141.95,60.57,68,99,7.67
458,Pingdu,CN,2022-10-05 01:18:42,36.7844,119.9464,55.35,54,6,11.21
459,Mpongwe,ZM,2022-10-05 01:19:43,-13.5091,28.155,65.89,36,5,5.55
460,Mamakan,RU,2022-10-05 01:19:43,57.8161,114.0028,25.9,84,86,3.58
461,Rehoboth,NA,2022-10-05 01:19:43,-23.3167,17.0833,65.95,18,0,1.9
462,Pingliang,CN,2022-10-05 01:15:40,35.5392,106.6861,45.93,94,100,2.77
463,Harper,LR,2022-10-05 01:19:44,4.375,-7.7169,76.33,92,100,7.56
464,Santo Domingo,DO,2022-10-05 01:15:14,18.5001,-69.9886,82.04,89,75,0.0
465,Asyut,EG,2022-10-05 01:19:44,27.181,31.1837,74.88,41,0,7.63
466,Careiro Da Varzea,BR,2022-10-05 01:19:45,-3.2003,-59.8119,84.81,62,99,4.5
467,Chlorakas,CY,2022-10-05 01:19:45,34.8042,32.4083,72.48,78,0,2.3
468,Esil,KZ,2022-10-05 01:19:46,51.9556,66.4042,40.57,39,8,5.12
469,Grand Gaube,MU,2022-10-05 01:19:46,-20.0064,57.6608,68.4,76,91,1.99
470,Beloha,MG,2022-10-05 01:19:46,-25.1667,45.05,65.01,97,17,2.19
471,Santa Marinella,IT,2022-10-05 01:19:47,42.0345,11.8536,68.49,84,8,4.5
472,San Luis,AR,2022-10-05 01:19:47,-33.295,-66.3356,66.79,41,83,16.8
473,Pio Xii,BR,2022-10-05 01:19:48,-3.8325,-45.1525,78.35,71,9,6.64
474,Ivdel,RU,2022-10-05 01:19:48,60.6911,60.4206,42.98,78,38,2.35
475,Opuwo,NA,2022-10-05 01:19:49,-18.0607,13.84,66.38,40,0,2.82
476,El Campo,US,2022-10-05 01:19:49,29.1966,-96.2697,77.88,50,0,6.91
477,Kousseri,CM,2022-10-05 01:19:49,12.0769,15.0306,80.92,63,100,6.89
478,Uribia,CO,2022-10-05 01:19:50,11.7139,-72.266,84.45,68,51,14.07
479,Sal Rei,CV,2022-10-05 01:19:50,16.1833,-22.9167,80.02,78,99,6.35
480,Cortez,US,2022-10-05 01:19:44,37.3489,-108.5859,63.36,56,0,10.36
481,Nueva Loja,EC,2022-10-05 01:19:51,0.0847,-76.8828,75.88,75,100,1.54
482,Changji,CN,2022-10-05 01:19:51,44.0167,87.3167,45.39,53,0,2.24
483,Kirakira,SB,2022-10-05 01:19:52,-10.4544,161.9205,84.33,70,21,10.36
484,Taloqan,AF,2022-10-05 01:19:52,36.7361,69.5345,57.49,37,0,3.27
485,Canyon Lake,US,2022-10-05 01:19:52,29.8752,-98.2625,78.62,38,1,1.01
486,Vilhena,BR,2022-10-05 01:19:53,-12.7406,-60.1458,72.57,78,40,2.98
487,Jumla,NP,2022-10-05 01:19:53,29.2747,82.1838,54.34,85,9,4.25
488,San Onofre,CO,2022-10-05 01:19:53,9.7359,-75.5263,78.85,89,100,3.51
489,Skibbereen,IE,2022-10-05 01:19:54,51.55,-9.2667,57.11,94,100,15.75
490,Lipin Bor,RU,2022-10-05 01:19:54,60.2622,37.9763,47.26,93,100,5.95
491,Cap-Aux-Meules,CA,2022-10-05 01:16:59,47.3821,-61.8597,53.65,71,20,9.22
492,Kawalu,ID,2022-10-05 01:19:55,-7.3817,108.2082,76.64,85,100,2.48
493,Trincomalee,LK,2022-10-05 01:19:55,8.5711,81.2335,79.83,79,100,16.71
494,Porto Santo,PT,2022-10-05 01:19:56,33.072,-16.3415,68.38,83,20,6.91
495,Horki,BY,2022-10-05 01:19:56,54.2861,30.9842,42.75,93,100,11.01
496,Grindavik,IS,2022-10-05 01:19:56,63.8424,-22.4338,43.27,81,100,24.16
497,Biak,ID,2022-10-05 01:19:57,-0.9131,122.8766,83.55,64,76,1.9
498,Raga,SS,2022-10-05 01:19:57,8.4596,25.678,67.37,96,85,2.48
499,Rengo,CL,2022-10-05 01:19:58,-34.4167,-70.8667,50.99,79,66,2.53
500,Saint-Francois,FR,2022-10-05 01:19:58,46.4154,3.9054,45.84,100,100,2.3
501,Avera,US,2022-10-05 01:19:58,33.194,-82.5271,62.11,58,0,5.61
502,Mayumba,GA,2022-10-05 01:17:22,-3.432,10.6554,75.54,83,100,6.17
503,Sistranda,NO,2022-10-05 01:19:59,63.7256,8.834,49.96,80,40,20.27
504,Acapulco,MX,2022-10-05 01:19:59,16.8634,-99.8901,82.22,78,40,5.75
505,La Ronge,CA,2022-10-05 01:21:00,55.1001,-105.2842,55.65,62,40,5.75
506,Rocha,UY,2022-10-05 01:21:00,-34.4833,-54.3333,49.23,94,0,5.1
507,Puma,TZ,2022-10-05 01:21:00,-5.0,34.7333,60.85,59,82,12.03
508,Ust-Maya,RU,2022-10-05 01:21:01,60.4167,134.5333,27.43,54,75,11.7
509,Yar-Sale,RU,2022-10-05 01:21:01,66.8333,70.8333,37.74,73,100,10.54
510,Oro Valley,US,2022-10-05 01:21:01,32.3909,-110.9665,75.38,51,49,12.15
511,Porteirinha,BR,2022-10-05 01:21:02,-15.7433,-43.0283,75.87,52,93,5.12
512,Pincher Creek,CA,2022-10-05 01:21:03,49.4833,-113.952,66.65,42,0,2.3
513,Aksarka,RU,2022-10-05 01:21:03,66.5606,67.7975,33.26,84,6,0.81
514,Kormilovka,RU,2022-10-05 01:21:03,55.0026,74.1028,39.58,80,80,6.53
515,Teguldet,RU,2022-10-05 01:21:04,57.3064,88.1667,33.31,97,100,8.61
516,Bautzen,DE,2022-10-05 01:17:26,51.1833,14.4333,53.22,88,100,1.99
517,Pathein,MM,2022-10-05 01:21:04,16.7833,94.7333,77.95,89,79,5.66
518,Portland,US,2022-10-05 01:20:16,45.5234,-122.6762,71.56,70,20,0.0
519,Los Llanos De Aridane,ES,2022-10-05 01:21:05,28.6585,-17.9182,78.12,58,0,8.05
520,Vestmannaeyjar,IS,2022-10-05 01:21:05,63.4427,-20.2734,43.05,77,100,33.55
521,Barsi,IN,2022-10-05 01:21:05,18.2333,75.7,75.54,71,100,8.43
522,Hami,CN,2022-10-05 01:21:06,42.8,93.45,53.64,59,99,6.98
523,Bonavista,CA,2022-10-05 01:21:06,48.6499,-53.1147,51.06,77,0,19.44
524,Mamallapuram,IN,2022-10-05 01:21:07,12.6264,80.1722,84.25,75,100,1.97
525,Juneau,US,2022-10-05 01:16:15,58.3019,-134.4197,56.1,90,75,0.0
526,Boa Vista,BR,2022-10-05 01:21:07,2.8197,-60.6733,82.38,69,20,4.61
527,Jacqueville,CI,2022-10-05 01:21:08,5.2052,-4.4146,75.79,93,100,8.5
528,Port Victoria,KE,2022-10-05 01:21:08,0.0939,33.9756,67.86,78,92,6.71
529,Doha,QA,2022-10-05 01:16:16,25.2867,51.5333,84.18,84,0,5.75
530,Nogliki,RU,2022-10-05 01:21:09,51.8333,143.1667,37.13,59,12,20.6
531,George,ZA,2022-10-05 01:21:09,-33.963,22.4617,47.75,93,3,3.44
532,Poplar Bluff,US,2022-10-05 01:21:10,36.757,-90.3929,67.78,58,0,0.0
533,Santa Marta,CO,2022-10-05 01:21:10,11.2408,-74.199,86.9,71,75,9.22
534,Bonthe,SL,2022-10-05 01:21:10,7.5264,-12.505,77.0,88,100,4.61
535,Mount Gambier,AU,2022-10-05 01:21:11,-37.8333,140.7667,52.21,98,100,11.03
536,Sabla,NG,2022-10-05 01:21:12,12.7525,4.7077,82.06,66,87,8.01
537,Atar,MR,2022-10-05 01:21:13,20.5169,-13.0499,93.33,21,8,8.84
538,Iquique,CL,2022-10-05 01:21:13,-20.2208,-70.1431,59.04,71,7,1.5
539,Yulara,AU,2022-10-05 01:21:13,-25.2406,130.9889,72.46,37,0,4.54
540,Tecoanapa,MX,2022-10-05 01:21:14,16.5167,-98.75,80.11,77,6,4.74
541,Inuvik,CA,2022-10-05 01:21:14,68.3499,-133.7218,34.66,80,20,10.36
542,Carballo,ES,2022-10-05 01:18:57,43.213,-8.691,58.42,81,4,4.05
543,Barda,AZ,2022-10-05 01:21:15,40.3744,47.1267,66.4,65,0,3.89
544,Antalaha,MG,2022-10-05 01:21:15,-14.9003,50.2788,68.36,74,99,6.31
545,Port Augusta,AU,2022-10-05 01:21:16,-32.5,137.7667,74.35,47,0,10.02
546,Inta,RU,2022-10-05 01:21:16,66.0317,60.1659,36.34,80,100,9.64
547,Nuuk,GL,2022-10-05 01:21:16,64.1835,-51.7216,36.88,86,100,16.11
548,Mezhdurechensk,RU,2022-10-05 01:21:17,53.6942,88.0603,32.05,76,100,3.02
549,Gouyave,GD,2022-10-05 01:21:17,12.1646,-61.7296,79.57,83,20,6.91
550,Illapel,CL,2022-10-05 01:21:18,-31.6308,-71.1653,52.41,73,99,3.33
551,Half Moon Bay,US,2022-10-05 01:21:18,37.4636,-122.4286,74.88,78,100,19.57
552,Saldanha,ZA,2022-10-05 01:21:18,-33.0117,17.9442,44.65,70,0,10.78
553,Picos,BR,2022-10-05 01:22:19,-7.0769,-41.4669,78.57,27,22,2.37
554,Sjovegan,NO,2022-10-05 01:22:19,68.8726,17.8474,49.21,89,100,7.56
555,San Vicente De Canete,PE,2022-10-05 01:22:20,-13.0751,-76.3835,60.22,84,37,6.02
556,Lyuban,BY,2022-10-05 01:22:20,52.7985,28.0048,43.48,96,18,11.25
557,Klyuchi,RU,2022-10-05 01:22:20,52.2667,79.1667,39.9,47,100,6.89
558,Khanpur,PK,2022-10-05 01:22:21,28.6453,70.6567,78.96,40,0,9.91
559,Sibu,MY,2022-10-05 01:22:21,2.3,111.8167,73.71,100,40,2.3
560,Vanavara,RU,2022-10-05 01:22:22,60.34,102.2797,26.47,77,51,7.76
561,Elko,US,2022-10-05 01:22:22,41.0002,-115.5012,70.23,21,0,5.01
562,Sidi Ali,DZ,2022-10-05 01:22:22,36.0998,0.4206,68.05,74,6,4.5
563,Kargil,IN,2022-10-05 01:22:23,34.5667,76.1,40.86,65,0,4.94
564,Koindu,GN,2022-10-05 01:22:23,8.4386,-10.3253,67.23,99,67,1.74
565,Moctezuma,MX,2022-10-05 01:22:23,29.8,-109.6667,77.31,55,0,6.62
